,startTime,peakVelocityTime,stopTime,amplitude,angle,peakVelocity
0,28646.212008,28646.225341,28646.228674,1.2067979429474138,116.2813703637591,91.78342503559725
1,28646.645326,28646.648659,28646.665326,3.640699361525331,-89.59271807538565,259.25073005558255
2,28666.93375,28666.952085,28666.955418,1.7613188622163807,44.64010256030808,99.34510145460195
3,28667.808758,28667.810425,28667.818758,0.8131656474529148,-133.94801732247748,89.24341951540866
4,28679.368817,28679.368817,28679.378818,0.8022656603335574,88.03736904230612,92.1775551868007
5,28679.99549,28680.023823,28680.03049,4.182540956986816,56.80238641091128,207.96119157243191
6,28680.263825,28680.268825,28680.277159,1.487447070461426,-119.07489712249038,127.01853460404392
7,28681.238833,28681.2505,28681.2605,2.843902474006,69.59562884120953,215.25283096030284
8,28681.665484,28681.670484,28681.685484,3.282289574688595,-113.33524616050268,264.621724034722
9,28687.792177,28687.797177,28687.803843,0.9896170744322189,5.368211383282762,108.13212754704176
10,28703.195572,28703.200572,28703.207239,0.9429959256827285,-18.866979262186828,97.87250671680641
11,28712.200605,28712.207272,28712.222272,1.5620985187502432,-0.20144660173413448,118.76198085291057
12,28712.74561,28712.748943,28712.75561,0.9716668446995376,178.13761526899944,104.96470013331697
13,28713.087279,28713.093946,28713.105613,1.1436429144993736,21.648396209723362,79.79053719442737
14,28713.350615,28713.355615,28713.362282,0.6566215676462499,170.50368338787152,60.37345017429348
15,28713.707285,28713.717285,28713.722285,1.1198144073733272,27.479533429202363,98.23518543890899
16,28713.973952,28713.982286,28713.997286,1.620012330338974,179.0555286524581,105.75616191550375
17,28714.142288,28714.148954,28714.155621,1.172440070154928,9.12040865378318,110.04780625565701
18,28714.510624,28714.525624,28714.537291,3.353991096500054,7.131623177950136,149.84766313162396
19,28715.153961,28715.160628,28715.172296,2.609312128756997,96.07542636458707,206.59006620718839
20,28715.590631,28715.605632,28715.613965,3.7217027529586275,-132.6792597816492,202.9556968461416
21,28739.067405,28739.070738,28739.077405,0.8191119220110215,-0.8338186873832238,98.06810276100117
22,28745.364106,28745.36744,28745.385773,1.2482084566371725,-25.645492379516373,74.71100339675928
23,28745.644108,28745.649108,28745.659108,1.0192452226171318,166.31308558271357,92.68222412856076
24,28745.930778,28745.935778,28745.942445,0.9257392671023957,5.8109423701223095,101.12934780288015
25,28747.14077,28747.147437,28747.154103,1.0083379080145498,176.13897910321637,103.02884957678768
26,28747.524107,28747.532441,28747.544107,1.832628128858008,9.073912563531833,145.40189522344787
27,28748.425782,28748.434115,28748.455782,3.615990324336174,73.75482547476075,160.56064699849045
28,28749.037454,28749.04412,28749.070787,3.809901655684996,-114.67215222223055,149.9848283374128
29,28749.524124,28749.532458,28749.552458,3.1591114844098316,-158.80595611554793,137.6829084107556
30,28750.007462,28750.019128,28750.037462,3.901073495956985,19.99365456403361,191.69578287164055
31,28758.377498,28758.382498,28758.389164,0.8950466502081118,170.08937554879319,92.42008191249403
32,28758.395831,28758.399164,28758.405831,0.5935782930441298,167.34661579711553,66.26228261021274
33,28758.669166,28758.6775,28758.679166,1.2900951800493456,11.088838042898933,152.09530899182045
34,28763.600856,28763.607524,28763.61919,1.0051666684516052,177.20826940004173,67.94624546476217
35,28765.579208,28765.584208,28765.595876,1.4243819442321874,167.1164952819694,132.96319142504925
36,28769.394225,28769.399225,28769.404225,0.7976503873252252,171.00377131758532,97.51910359449859
37,28769.849229,28769.852563,28769.870896,1.7493760353485817,45.90764904461642,98.17026165399331
38,28772.262562,28772.267562,28772.272562,0.9302064417101045,-175.00371775393126,114.02271694787973
39,28778.322599,28778.329265,28778.349265,2.9300409167774006,-6.453130417764528,161.32537596904305
40,28779.787612,28779.792612,28779.799278,0.9771204663425559,8.54703320567687,97.24024075759334
41,28780.057614,28780.06928,28780.092614,4.225107341576145,-179.84970660013204,199.64540219935748
42,28780.40095,28780.417617,28780.437617,6.22844647990622,0.8570708393199096,248.49945466988282
43,28781.287625,28781.295958,28781.319285,3.236339022714434,-141.83146642555062,137.75005950866924
44,28781.522606,28781.539272,28781.544272,1.8307117207722599,84.51763399696773,107.49769640130546
0,28929.604961,28929.609961,28929.614961,1.1046344653996896,90.73795687835661,123.38298655898316
1,28930.251614,28930.263281,28930.283281,3.8712272124561586,-142.07119138505402,193.62396038639883
2,28953.308407,28953.31174,28953.318407,0.6827724871527703,-168.2732271508082,77.84385432539393
3,28959.645119,28959.651786,28959.673453,2.634585988487261,-3.1538867706120426,143.22815323812148
4,28960.44844,28960.455106,28960.480107,2.7280868850186777,-51.57485055979892,152.29134869884612
5,28960.778443,28960.786776,28960.801776,2.01537989326332,161.21031513602742,123.95070671167815
6,28963.153461,28963.160127,28963.166795,0.8338222477497101,6.263876835765477,89.31832867214857
7,28963.676798,28963.685131,28963.706798,4.217456653387568,98.61482861899745,175.32750462662665
8,28972.81683,28972.823497,28972.82683,0.8017644824783161,41.85518452708942,86.67636163104186
9,28981.100197,28981.105197,28981.111865,1.2354551153065039,169.24847467792907,117.96574423255987
10,28993.80026,28993.808594,28993.816927,1.6946105752758065,-27.984367444827825,151.51153396488263
11,28995.181935,28995.188602,28995.201935,1.536212690672924,-14.470177823212202,104.31472946539787
12,28995.648586,28995.656919,28995.671919,1.7056617388704396,165.4492007233046,118.2457899228892
13,28996.638591,28996.643591,28996.661924,1.8066629635274563,-9.545902551321856,139.7979097621784
14,28996.895258,28996.901926,28996.913593,1.6306914392222467,-178.131057053522,124.70229404229453
15,28997.131926,28997.136927,28997.148594,1.4676352257037744,10.29081955410225,136.77358557223965
16,28997.756932,28997.760265,28997.766932,1.633502206912515,66.13031512488209,183.6592412384265
17,29000.911939,29000.921939,29000.923606,0.04743617840046694,-110.06175815715397,63.490729103168185
18,29020.160376,29020.165376,29020.170376,0.651459615572586,169.5689956838108,74.6749643241398
19,29028.703749,29028.708749,29028.723749,1.3330182111677047,-142.1822612619911,88.75638217392861
20,29029.112085,29029.122085,29029.138752,2.260886170688811,-24.56272876331106,121.5207580290436
21,29029.378754,29029.38542,29029.407088,1.4982884915951136,-175.59563578551632,86.45836500057894
22,29029.965425,29029.972092,29029.97876,1.3160279362259972,8.042844665984475,136.6891057558924
23,29030.247077,29030.253742,29030.270408,1.26830081409054,172.26106518494657,84.28743622656746
24,29030.868747,29030.87208,29030.880413,0.569214092572669,155.62274919632787,55.4935755834149
25,29031.048749,29031.053749,29031.063749,1.335079152973183,20.579184937057168,132.47606553102588
26,29031.355417,29031.362084,29031.370417,1.3969106381661271,179.2581074675549,117.36057343290443
27,29031.662087,29031.667087,29031.688754,1.6870234000029847,41.48520307030965,97.22423000927579
28,29038.913802,29038.918802,29038.923802,0.6324231546643149,161.48931416896227,75.08722260273328
29,29041.898808,29041.903808,29041.912141,0.7688937236535668,-169.4739718668016,72.8835023696637
30,29047.242161,29047.247161,29047.252161,0.7604032558796041,153.7871627070992,89.27475402650356
31,29048.903842,29048.908842,29048.915508,0.6701115087241178,176.56772847328273,68.52766890044103
32,29061.878909,29061.885575,29061.905575,2.953913222241248,-27.2610997311614,145.7471493426871
33,29063.225586,29063.232254,29063.242254,1.358762311683761,19.420662017183886,123.13411770859443
34,29063.60059,29063.608924,29063.63059,2.1456514789460712,169.0420025860414,87.08368254534841
35,29064.138929,29064.145595,29064.163929,1.6658562577722782,-3.5451522968824976,117.38382452922708
36,29065.148938,29065.160604,29065.190604,3.436449321306717,-171.76446608779818,134.45421623447007
37,29065.487254,29065.497254,29065.518921,3.4642049302220106,32.90522525063696,166.82169411591056
0,29208.976299,29208.984633,29208.997966,2.3406372390165835,-18.277613599237437,141.038023437334
1,29211.784635,29211.791302,29211.799636,1.0869069159309137,-174.5297060498936,111.19937644325258
2,29217.563001,29217.571334,29217.574668,0.9149451453378752,156.4807022573268,108.15267335940909
3,29223.933039,29223.938039,29223.944706,1.016665301531633,157.3905814389551,104.93747678747985
4,29227.323049,29227.328049,29227.334716,1.0004681326426172,-170.05330206835336,130.74487343318833
5,29239.159779,29239.161445,29239.181445,1.788716169401053,-1.8125483890344005,108.56652440125062
6,29245.26979,29245.276456,29245.286456,1.7682652519563082,176.23909571992803,163.05222498296052
7,29273.269939,29273.284939,29273.294939,1.9525050909633914,-16.52165583731638,137.95800677259209
8,29274.011611,29274.014945,29274.021611,1.192763122264578,-38.13078658618109,128.6954555048951
9,29274.558283,29274.56495,29274.571616,1.0748604173272724,164.19399951685114,97.68057571180906
10,29274.839932,29274.846598,29274.853265,0.849321134368088,-5.015329087426196,90.62547676432743
11,29275.486604,29275.491604,29275.503271,1.2905121780228572,163.60818005198288,102.04232579505933
12,29275.864941,29275.869941,29275.874941,0.6716863027430711,30.50623932947913,73.85630611817064
13,29293.191705,29293.196705,29293.201705,0.45359449035531163,168.83295118931582,50.258745299618624
14,29308.383447,29308.393447,29308.408447,1.8804262727280237,-167.0419928290091,101.83009525328539
15,29309.016785,29309.028451,29309.030119,1.3121900997825493,-37.95700081781491,118.10315604676396
16,29311.211785,29311.218452,29311.225119,1.11765047804842,-5.9132837770125235,104.74440335102754
17,29314.211811,29314.221811,29314.225145,1.0809452414818468,164.74849945288065,117.17759290863887
18,29318.283494,29318.290162,29318.295162,1.1246975842198452,25.017603722832636,112.27450810295348
19,29321.688505,29321.693505,29321.698505,0.6275038816418183,166.80160595676008,70.99631336419057
20,29322.898515,29322.903515,29322.911849,1.1707101875620745,6.050807828232767,98.91822697454234
21,29324.405196,29324.411862,29324.425196,1.3353093122197066,170.6749910642103,97.51023757884184
22,29328.028542,29328.035209,29328.040209,1.0060906385013795,1.3078554304196293,102.99946778207539
23,29330.536878,29330.541878,29330.555212,1.2519758678157826,-176.6667027231352,73.69283571479033
24,29338.335262,29338.338595,29338.345262,0.7187323628316642,9.539660623076792,81.10944000358046
25,29342.280275,29342.290275,29342.313608,3.889454881058703,-172.2882284686786,164.66776585644106
26,29342.51861,29342.52861,29342.54361,3.0737124989681597,2.76021034486812,182.93885657912273
27,29342.908613,29342.916946,29342.935281,2.4391892805223447,-176.78325954816088,144.7196475438807
28,29343.166949,29343.176949,29343.190283,2.4714406848566988,0.24346070063032466,156.09572509889193
29,29343.413618,29343.420285,29343.436951,2.0837197354654746,-174.89917284065564,146.83508808427635
30,29343.780288,29343.783621,29343.790288,1.1206517697564795,85.96895727762126,120.52002666821122
31,29344.47696,29344.480294,29344.49196,1.1180194825798737,158.64563150025396,75.94766228051947
32,29344.790293,29344.79529,29344.806949,1.799173004702301,-3.0239283246608655,137.28226913846677
0,29488.367647,29488.369314,29488.379314,1.0808410727017403,-167.25953577096047,111.67949573795265
1,29493.192672,29493.194339,29493.202672,0.7459855808912639,142.93427619540168,102.99907601074997
2,29500.572716,29500.584383,29500.606051,3.7986206203938533,-4.406628018498265,168.97608981053622
3,29513.077798,29513.084465,29513.094465,2.17595846004654,-143.60714151330438,183.96523572524922
4,29513.737804,29513.744471,29513.761138,2.139387753814262,3.874157378617509,135.34204725112144
5,29514.217788,29514.226122,29514.244456,2.7259435296635295,158.36129513792116,148.5643067810896
6,29515.046129,29515.052795,29515.064462,1.4658717461316528,-4.21736052677533,126.56950608319585
7,29515.591132,29515.602798,29515.614465,1.8237873573686385,179.788406322274,110.87361741894298
8,29515.7978,29515.809467,29515.824467,2.4210214387107616,-6.27219451423074,143.38818408316098
9,29516.526138,29516.532804,29516.547804,1.9284087966512655,173.94875664691537,122.96628226433177
10,29516.79614,29516.802806,29516.812806,1.3105016544096153,16.90197340190683,120.62781414021026
11,29523.364508,29523.369508,29523.374508,1.0049729741553917,-152.10326409178109,128.46450762763678
12,29525.097837,29525.10117,29525.114504,1.440019043108769,-173.13604407240712,128.33329246228607
13,29530.541202,29530.547868,29530.564535,2.052557983260891,-1.6339193995194519,138.7840272385289
14,29550.479633,29550.489633,29550.497966,1.4921636063701045,-34.80151051312534,112.04632371218011
15,29550.704635,29550.711302,29550.732968,2.489040686519835,174.85336653532616,150.10396498929964
16,29550.941304,29550.946304,29550.951304,1.2546026777494035,62.68970256141625,142.4429403828091
17,29573.36807,29573.37307,29573.379737,1.0635607824558257,-171.4500060006535,113.31683230779069
18,29576.723081,29576.728081,29576.736416,1.0225859857275672,-172.68938842332886,87.28560224120275
19,29578.851436,29578.854769,29578.861436,0.8077680181761204,18.484054014684258,86.095653988068
20,29584.326446,29584.334779,29584.339779,1.5175601661983558,-179.47010238423437,152.97743897516517
21,29584.609781,29584.614781,29584.631448,1.8350079500646175,16.720004182195083,106.88091906965303
22,29603.316557,29603.321557,29603.326557,0.7464217109417386,176.23583861059757,88.4541757938328
23,29615.641621,29615.648287,29615.666622,2.75363473803256,-21.955287582011902,164.9812677344376
24,29616.081625,29616.089958,29616.103292,2.909899451593442,176.32436867556902,173.36533127429658
25,29616.578295,29616.586629,29616.604962,2.4958688785764496,0.9281095064817059,156.53287810463104
26,29617.319968,29617.324968,29617.329968,0.9759448749117968,10.006637417490953,104.15175299702926
27,29617.808305,29617.813305,29617.828305,1.7186854059533339,-176.97780076974334,127.23802924492026
28,29618.103307,29618.109974,29618.123307,1.8726450411439899,17.324171889595814,131.84664155884548
0,29746.470593,29746.47226,29746.480593,0.9275847232594129,-160.77367962005093,98.04221501580945
1,29749.330617,29749.337284,29749.34395,0.8759386568020184,167.24268938777493,77.29471630894804
2,29753.613969,29753.620636,29753.630637,1.1204042074278269,24.686903779160517,104.32792588066197
3,29755.737304,29755.737304,29755.747304,0.7091869787486571,23.87467263588184,126.84327492910475
4,29756.408976,29756.413976,29756.423976,0.988267998720028,-172.70858430975449,101.67710056757394
5,29758.860664,29758.868997,29758.875664,1.2806735289582207,154.89468687607803,164.87717469372262
6,29768.37571,29768.382377,29768.389043,1.249134922758697,22.04238556519314,117.43383181273353
7,29768.802381,29768.807381,29768.812381,0.8059193432638003,-10.573062124148482,89.93909808463164
8,29779.072432,29779.077432,29779.082432,0.7750258089541511,158.81994754125313,87.61151704349254
9,29792.414153,29792.422487,29792.427487,1.2043350167933702,-159.94990755687704,116.80545051731428
10,29805.079226,29805.084226,29805.090893,1.2668461902110664,32.19740418191887,120.68188042595517
11,29805.752548,29805.764214,29805.769214,1.7440404375535326,-166.6818559548198,137.6745880119558
12,29806.005883,29806.01255,29806.030883,1.9937982643305205,9.057923914883037,126.05590131467608
13,29811.739242,29811.749242,29811.757576,1.9066172341602885,175.6789607040599,146.40200235166847
14,29820.322629,29820.329295,29820.332629,0.7644519166850816,-3.4536798892670486,100.91540371483262
15,29823.495972,29823.502639,29823.505972,0.7756039651279927,5.785546787467291,103.14925953333895
16,29825.16932,29825.180987,29825.200987,2.7242674001926392,-166.81582396877525,155.4332791290505
17,29825.479322,29825.489322,29825.499322,2.3583941431285886,22.29544018971197,177.64410739838777
18,29832.552684,29832.557684,29832.562684,0.7802361670267364,-170.04797130036738,89.97262770014741
19,29832.761018,29832.766019,29832.777686,1.7036879773263511,179.26950143777995,171.1934517087963
20,29832.99602,29833.002688,29833.009354,1.43963477522155,18.498090664973112,128.6271195868663
21,29836.669367,29836.672701,29836.679367,0.6892475985578079,156.10244589378365,101.02684842699794
22,29838.076046,29838.086046,29838.099379,2.1181716085563114,-167.63964642226446,128.02864532302183
23,29838.376048,29838.382715,29838.399381,2.1433786536617068,-12.494374455814485,155.35320378103822
24,29839.114387,29839.119387,29839.131054,1.413791059284965,149.27677881725222,117.59498717817544
25,29839.337723,29839.349389,29839.366056,2.6048907220949555,16.00891379971672,177.27340057738803
26,29839.589391,29839.594391,29839.611058,2.1771075872988463,-158.6344414186587,141.63266525662306
27,29839.844393,29839.852727,29839.86106,1.5662099872174722,8.707065184376557,120.06411991316287
28,29840.21273,29840.21773,29840.227731,1.2577399375875007,-175.5556626917058,106.90028034843505
29,29840.484399,29840.491066,29840.502731,2.0735104036259733,-2.259943326952901,161.92320964304298
30,29840.71605,29840.724383,29840.742717,2.5470310206658855,-172.14715549031047,144.51033170717173
31,29841.232721,29841.239387,29841.256054,2.0313844009091744,17.62078789297791,117.6779907802362
32,29849.837775,29849.844441,29849.849441,0.6933516752300494,165.92666874840037,62.932731965675856
33,29853.236117,29853.242784,29853.257785,1.6373592467364961,5.5188443264440545,117.84840120962025
34,29857.519469,29857.524469,29857.532803,0.7823070612922144,18.78864416248331,85.28939486379171
35,29860.786143,29860.791143,29860.796143,0.840206302344442,21.678698922789387,92.96480638464816
36,29861.807818,29861.814484,29861.821151,1.2965263074851991,146.46115509523395,109.42853051820794
37,29865.817834,29865.8245,29865.8345,1.1668077560792267,166.59349731740397,91.89276304859868
38,29869.674533,29869.679534,29869.686201,1.1673132624668896,148.95383194322415,123.92578771559602
39,29872.281209,29872.289542,29872.309542,2.4779876626898836,-174.57985911644835,131.93823126283155
40,29874.214561,29874.222895,29874.242895,2.086122616534073,177.33132614000158,113.65548086501825
41,29874.462897,29874.47123,29874.482897,2.2171493442100507,4.30292758241795,169.35305131670458
42,29874.889567,29874.899567,29874.909567,1.705738232562842,160.817442445629,117.32056382254481
0,30083.415597,30083.420597,30083.428931,0.7113264111649128,-175.48638857464985,74.94325647622394
1,30083.942269,30083.943936,30083.952269,0.7486421205735361,12.75631601749472,93.06563467541874
2,30090.273955,30090.280621,30090.295621,1.72790443452444,10.898575048431962,113.97407993802562
3,30097.968996,30097.973996,30097.982329,0.829127971503217,174.19155331166255,92.69291338946127
4,30099.047338,30099.050671,30099.065671,1.3783751008965681,176.092595640466,103.38783368363312
5,30099.24234,30099.245673,30099.254007,1.0000518898458266,24.064338604430013,104.86433037613614
6,30100.088996,30100.093996,30100.098996,0.7030242652376499,-177.91057333967407,74.42635589324044
7,30100.514,30100.522333,30100.545666,3.801059817785835,-13.856815991274793,179.48589950976844
8,30101.430672,30101.435672,30101.442339,0.9453372428966981,23.855107395786433,98.09239403060533
9,30102.202344,30102.204011,30102.219011,1.0809870231253629,157.0808805430296,83.23712917679543
10,30103.120684,30103.13235,30103.139017,1.2204218379432397,-164.76171873044558,83.78521329377408
11,30103.365685,30103.372352,30103.375685,0.911298619508329,32.30121081628267,100.63797804140684
12,30103.844022,30103.855688,30103.865688,2.0569387890451445,172.33298220130666,122.32005433057732
13,30104.07069,30104.079024,30104.09569,2.273502699365774,7.992542459048029,139.7590812137674
14,30104.704009,30104.707342,30104.722342,1.4369037402004847,21.558008707759416,121.4813067696679
15,30120.679085,30120.682418,30120.690751,0.9292341889162076,135.22040910394313,96.98205025741571
16,30121.727428,30121.734095,30121.737428,0.8953486391201486,17.034925373653685,112.57968836541957
17,30131.479151,30131.482484,30131.489151,0.7808193318117029,178.54856902882386,77.63828562681384
18,30132.562495,30132.570828,30132.572495,0.9891959195554418,15.214988075328915,127.69143165577677
19,30135.60751,30135.61251,30135.620843,1.2356871876993412,-0.9542850770547757,119.40081895927047
20,30135.889181,30135.894181,30135.905847,1.479180239885035,-168.95199648309452,125.55288946480971
21,30136.994191,30137.000857,30137.014191,1.35284402789273,-176.34566137966135,88.23294256537176
22,30137.209193,30137.217526,30137.224193,1.4135192414742446,7.827842940469438,121.64365863118097
23,30137.497528,30137.504195,30137.512528,1.4602470422719005,-161.0588703009996,121.22224782233707
24,30137.675863,30137.68253,30137.69253,1.3787935818732056,-5.60272693774613,113.56230497438517
25,30141.555878,30141.562545,30141.565878,0.8237094677277218,167.60135096897588,104.18710336404689
26,30146.400905,30146.407572,30146.410905,0.6912635172318822,-155.64187751461512,90.15086312747889
27,30147.35258,30147.359248,30147.372581,1.369047489487625,6.3816478098886344,85.81697673151905
28,30153.349281,30153.369281,30153.375947,3.3810207161334596,-159.67742003742308,159.23729394324695
29,30153.722617,30153.73095,30153.745951,3.3443290651747333,14.345827271245344,186.6623027924904
30,30155.362615,30155.369282,30155.372615,0.4674996924407068,-162.4698511731731,66.28068235817076
31,30159.032646,30159.039313,30159.044313,0.9020469879517847,-154.419426230229,108.10041240167433
32,30159.507632,30159.515966,30159.522633,1.5737952245462736,3.0324722881340977,151.66852930923957
33,30160.297639,30160.302639,30160.307639,0.5820833128791795,-169.42068816265035,61.45737648997482
34,30163.714333,30163.720999,30163.725999,0.957457539902407,154.5396348850496,95.03640540022805
35,30169.862681,30169.867681,30169.887681,2.0505731885080527,-6.637310585303975,106.17401251393068
36,30170.522686,30170.529353,30170.537686,1.3092665186587984,-13.01245284260747,117.72536484704304
37,30193.174485,30193.181151,30193.186151,1.196953573842313,3.4893469994288258,121.57220912476711
38,30194.24616,30194.254494,30194.259494,0.9963741531301098,36.32896948980687,95.37896247422108
39,30195.021148,30195.029482,30195.031148,0.814120768489912,-159.6626272492454,95.42652992118508
40,30195.259484,30195.267818,30195.271151,0.9109402504766005,169.06283748893637,108.72700943890229
41,30197.364503,30197.374503,30197.382836,1.7286254625686803,16.459685056148704,150.24585958829095
42,30198.769515,30198.774515,30198.781181,0.8137820052491919,-169.40589680946258,96.18069186207128
43,30199.061184,30199.066184,30199.072851,1.3167734657607495,-163.7570573276774,120.94284999819106
44,30199.731171,30199.736171,30199.742838,0.5388623874505071,-177.43236482698583,54.604835993728045
45,30200.724514,30200.73118,30200.734514,0.6097415659661918,158.37824740430185,77.73905235049787
46,30203.552865,30203.557865,30203.577865,1.7647201664072478,-33.36015006878151,103.56295381073177
0,30332.438467,30332.445134,30332.453467,1.0037269383153156,19.80033707719306,105.55573332078127
1,30333.983484,30333.988484,30333.993484,0.7596552783880743,-151.25128734010394,90.03289393552309
2,30334.641824,30334.651824,30334.665158,1.3816482867346487,173.53265760393046,112.47091264219672
3,30335.766837,30335.770171,30335.778504,0.9412271083216343,33.42627218061144,93.52894201234497
4,30336.963518,30336.966851,30336.973518,0.9612668776246451,47.305820045439845,119.2830477521226
5,30337.421836,30337.425171,30337.431837,0.6322433779610029,29.060085964309515,69.18284088647461
6,30338.191843,30338.200177,30338.20851,1.0726069074203821,-162.98183594089392,98.24572079594878
7,30338.665181,30338.675181,30338.680181,0.9801820742442339,173.94544674253618,79.80494872838804
8,30342.733531,30342.738531,30342.743531,0.7997294208247185,167.24315304374522,84.67543991245873
9,30344.578549,30344.586882,30344.598549,1.3720152995051804,154.61994167641018,120.70928714271794
10,30346.778571,30346.788571,30346.796904,1.3130545080048566,20.237428582548315,99.04640868206756
11,30351.291925,30351.296925,30351.303593,0.6675458758127676,177.90326592471388,71.0217024609401
12,30354.116934,30354.123601,30354.146934,2.021910019502482,20.23671993247934,120.79718987849267
13,30356.260288,30356.270288,30356.285289,2.1990682021515724,-135.42408384969977,148.27136188973918
14,30357.135297,30357.141963,30357.14863,1.2025994083582638,-16.65853810056946,127.7899681437203
15,30357.538615,30357.546948,30357.561949,1.7532959040922544,160.69808619490465,129.7843938705606
16,30357.775284,30357.78195,30357.796951,1.665436745160387,-0.011956393390444279,122.39171497177759
17,30358.43029,30358.436956,30358.45529,1.9336515282693374,-155.17753559975446,104.78901608789646
18,30358.633625,30358.641958,30358.658625,2.0554880929370776,18.040978179373482,140.12491752670334
19,30359.666967,30359.688634,30359.691967,1.4456310878590837,-174.4457876209534,70.40447476865239
20,30359.930303,30359.938636,30359.945303,1.4171926407062443,-0.7311298356225684,110.89793224578031
21,30360.545308,30360.550308,30360.558641,1.13577796156708,26.734961447081886,107.34758210199612
22,30362.176987,30362.183654,30362.186987,0.9918067128798509,18.37202988721239,126.16987786152836
23,30369.147009,30369.152009,30369.157009,0.544409336002038,-152.94011846442322,65.71204285838594
24,30370.813691,30370.820358,30370.823691,0.7962182848951751,14.271995367077114,95.2534134357698
25,30374.132037,30374.140371,30374.150371,1.170650086351254,-164.55989072600866,113.0752581282998
26,30376.852064,30376.857064,30376.863731,1.0902968155333097,-7.0229368587899,118.72914640652593
27,30378.217059,30378.222059,30378.227059,0.9527646403105865,-17.28353329393554,114.00743246235982
28,30378.935399,30378.942065,30378.948732,0.9867042909229656,-163.3600433444251,106.50321251224477
29,30380.298744,30380.305411,30380.308744,0.6494780660129177,159.18737798835733,89.58906404752751
30,30382.052091,30382.055425,30382.068758,1.4017311576459375,20.810678396918153,121.10372854393745
31,30382.765413,30382.770413,30382.775413,0.7687640898846252,-6.0524965247072195,79.95369189794641
32,30390.438796,30390.447129,30390.455463,1.1117747513011544,-163.52709134028234,107.39873763143841
33,30391.755475,30391.760475,30391.782141,1.9231311472393409,-140.70268650168998,101.79587903771703
34,30392.037143,30392.04381,30392.067143,2.05399628396212,21.03381679987238,114.98132673266127
35,30394.603812,30394.608812,30394.618812,1.1778814480046758,29.363694843344508,98.17331523936548
36,30404.215525,30404.222191,30404.227191,0.8722436319349641,-11.800155610035821,87.73147082999608
37,30404.783862,30404.79053,30404.793863,0.6211341309073335,-9.239928133385494,72.53056013415157
38,30413.428901,30413.435568,30413.438901,0.7869979163771276,34.319125667695765,117.91947525413093
39,30414.648911,30414.653911,30414.660578,0.7494934078985902,-177.37511515561394,74.91888903345676
40,30416.852262,30416.857262,30416.863929,0.8857330855518165,15.272904042151668,90.28260965389485
41,30419.773936,30419.780603,30419.785603,0.7072804229380656,170.90916009699956,71.96388227342192
42,30422.465607,30422.46894,30422.487273,1.3421347896727172,-6.0684030915703175,99.85253559149726
43,30424.400623,30424.408956,30424.427289,2.1710884324610453,-163.07369112003641,142.89474704549434
44,30425.583965,30425.590632,30425.598965,1.6073226311612046,15.397231970265883,151.4840753625532
45,30426.378971,30426.387304,30426.393971,1.390771844463973,140.75710903031106,103.28138920566788
46,30429.015643,30429.020643,30429.025643,0.8853544895936616,0.6638321116697598,104.81360970155124
47,30439.564032,30439.569032,30439.575699,0.6740277496259992,164.38918461515755,78.70424956017351
48,30454.242439,30454.249106,30454.254106,0.6620316859372419,156.49952115429977,68.21536373946259
49,30458.449127,30458.454127,30458.460794,0.924440029251017,-7.680457043332984,86.97377567039314
50,30459.740805,30459.745805,30459.767471,2.1992532930979882,164.23505353900492,137.44468548949843
51,30460.067473,30460.072474,30460.080808,1.2171004972792887,9.496702250989335,115.20550400136537
52,30460.542478,30460.547478,30460.552478,0.447299465360811,165.27719946437287,52.35931542809429
53,30460.950815,30460.962481,30460.965815,1.3342053446294824,23.077348801432507,100.17962453849006
54,30461.220817,30461.230818,30461.237484,1.5727955617777054,-165.5064710213147,140.61282192998732
0,30612.679913,30612.688246,30612.693246,0.7075538747525114,157.54666868222375,65.70249387947553
1,30615.738254,30615.744921,30615.748254,0.5885990136854256,169.26672136282903,79.26045853443443
2,30618.008254,30618.016588,30618.018254,0.5938041240910357,174.57485580858884,72.05630615825802
3,30619.778268,30619.784935,30619.789935,0.7170648628737213,7.713275151084528,74.91373855681894
4,30620.934945,30620.941612,30620.948278,0.7866031133572339,-138.02096742407124,58.12953954236772
5,30628.82831,30628.83331,30628.841644,1.2354228825092284,167.9068971053688,119.26807365359528
6,30630.526659,30630.531659,30630.538325,0.7475068059162032,13.611995209750688,79.89440131273736
7,30643.070044,30643.076711,30643.086711,0.9944758526288755,177.99693479728185,84.41259836847993
8,30643.526715,30643.533381,30643.545048,0.9930783076097813,148.4897500780304,87.07676160086557
9,30645.538399,30645.545066,30645.558399,1.3732617884339517,19.75243676815684,84.0165614440686
10,30647.068415,30647.073415,30647.078415,0.6276875494604802,149.66471901332042,72.93666587947874
11,30648.70675,30648.71175,30648.71675,0.7226957469202793,-38.806802776435674,81.72055095733974
12,30650.806772,30650.815105,30650.818438,0.7147150068143409,156.33495951137178,93.63118182359497
13,30651.650112,30651.655112,30651.660112,0.6337314752849892,162.3575880475887,74.66821922436431
14,30652.011782,30652.016783,30652.033449,1.056538085665861,166.4006627897686,93.4191855554939
15,30653.208441,30653.213441,30653.220108,0.8144051384479716,26.036907228338478,104.93261598359996
16,30654.561787,30654.566787,30654.573453,0.8532495610556194,-173.83717629996755,91.3064906973622
17,30656.100132,30656.108465,30656.111799,0.7895973874683233,20.049379212056046,81.36556553427502
18,30657.696811,30657.701811,30657.708477,0.6043479208268798,156.4283098803247,71.82653224466975
19,30658.561802,30658.565135,30658.571802,0.9320774954824355,44.12832392576873,109.81035981557827
20,30659.853478,30659.861812,30659.863478,0.604632039352535,160.06738042582455,90.72276262652319
21,30669.66519,30669.67019,30669.67519,0.7293798504146956,-35.15524715166542,74.60384137619111
22,30676.7319,30676.7369,30676.743566,1.1837177841511362,-7.925012871384515,127.5237688580452
23,30677.020236,30677.026903,30677.038569,1.8977256215163878,176.46536182489544,140.90332736038
24,30677.345238,30677.351905,30677.368572,2.0718660053917457,18.60161579339686,138.25336993175887
25,30677.926893,30677.933559,30677.940226,1.2985690033814294,-179.04006689225588,129.7961515818456
26,30678.416898,30678.430231,30678.441898,1.5675825773521073,23.71010215089226,95.49932303223363
27,30678.6669,30678.6769,30678.6919,1.6913230579584546,-173.57147967326424,114.19083349351658
28,30678.975235,30678.983568,30678.990235,1.3273155539579728,-7.947812105998214,119.2576008154779
29,30684.660266,30684.665266,30684.670266,0.5792815845579335,-169.0582415327548,65.53382610794901
30,30694.14531,30694.151977,30694.16031,1.2570011296933996,171.05940931971156,111.60809271064446
31,30696.328661,30696.335328,30696.340328,0.9706031844625245,27.881313703010182,96.23400674266799
32,30697.288668,30697.297002,30697.307002,1.1281675118645267,173.23539012923933,74.86901746523615
33,30697.590337,30697.595338,30697.603671,1.0423932348571308,-162.6512833299718,90.31485644027866
34,30701.977023,30701.982023,30701.988689,0.8778835419759816,-175.70356681143838,87.69591553850839
35,30702.607028,30702.610361,30702.617028,0.4413799394274326,-18.429655733095732,48.6309794860864
36,30707.590386,30707.595386,30707.602053,0.817255808778738,-175.68462023917255,90.37515918441171
37,30707.908706,30707.913706,30707.918706,0.7861449422281024,1.5541934890042164,83.20289239868099
38,30709.540387,30709.54872,30709.572054,2.368023868093747,5.906976236002651,129.67508393009402
39,30709.89039,30709.898723,30709.903723,1.020838065789376,23.780090762347303,92.1053395390536
40,30710.250393,30710.255394,30710.275394,2.5995290409330005,-149.68565091813986,196.49428843259037
41,30713.735406,30713.740406,30713.750406,1.720142388005927,28.705304098653663,142.91282432647918
42,30717.982088,30717.988754,30717.995421,0.8572810853679415,166.38577133694918,84.8312477191291
43,30721.520448,30721.528781,30721.530448,0.648897645523963,-172.78583867355692,103.12272385843286
44,30722.837108,30722.843774,30722.848774,0.8024392676709837,-171.00844518851176,77.99572275867558
45,30726.005467,30726.0088,30726.015467,0.4663082033476204,179.08392028298152,51.24103827922693
46,30727.787142,30727.79547,30727.800467,0.7597482039783185,178.42723985464673,63.486072930299386
47,30733.772158,30733.777158,30733.783824,1.0700896198638081,-170.43654266323057,103.18003350412954
48,30739.918855,30739.925522,30739.947189,1.7096184340836822,15.439092113407767,102.37661949670019
49,30743.592202,30743.605535,30743.607202,1.014773717778414,-161.64005313818,97.37656153519328
50,30744.850545,30744.857212,30744.882212,2.249424388246922,-171.32526430332138,118.84882557675343
51,30745.878887,30745.882221,30745.890554,0.9027869763128893,7.243372548473346,88.8067190650696
